"id","name","active","regNumber","route","category","status","profile","oldGenericRule"
"1","Acantan HTZ 8-12.5","Candesartan + hydrochlorothiazid","VD-30299-18","Uống","Tim mạch","Chưa có hồ sơ xác minh - không hiển thị dữ liệu suy đoán","","antihypertensive_raas_ccb_beta"
"2","Aciclovir 5%","Acyclovir","VD-18434-13","Dùng ngoài","Kháng sinh / kháng nấm / kháng virus","Đã có hồ sơ xác minh theo hoạt chất/SĐK","aciclovir_cream_5","acyclovir"
"3","Aclasta 5mg","Zoledronic acid","VN-21917-19","Truyền tĩnh mạch","Thuốc nội trú khác","Chưa có hồ sơ xác minh - không hiển thị dữ liệu suy đoán","","bisphosphonate_zoledronic"
"4","Actrapid","Insulin analog tác dụng nhanh, ngắn (Aspart, Lispro, Glulisine)","QLSP-1029-17","Tiêm","Nội tiết - chuyển hóa","Chưa có hồ sơ xác minh - không hiển thị dữ liệu suy đoán","","insulin"
"5","Acupan (22)DV","Nefopam hydroclorid","VN-18589-15","Tiêm","Giảm đau - kháng viêm","Chưa có hồ sơ xác minh - không hiển thị dữ liệu suy đoán","","opioid_nefopam"
"6","Acyclovir 3% SYT-25","Aciclovir","893110161724","Tra mắt","Kháng sinh / kháng nấm / kháng virus","Đã có hồ sơ xác minh theo hoạt chất/SĐK","aciclovir_eye_3","acyclovir"
"7","Ad - Liver","Cỏ nhọ nồi, Diệp hạ châu, Nhân trần","VD-31287-18","Uống","Thuốc nội trú khác","Chưa có hồ sơ xác minh - không hiển thị dữ liệu suy đoán","","herbal_probiotic_supplement"
"8","Adrenalin DV24","Epinephrin (adrenalin)","893110172024","Tiêm","Thuốc nội trú khác","Chưa có hồ sơ xác minh - không hiển thị dữ liệu suy đoán","","emergency_critical"
"9","Agilecox 200","Celecoxib","VD-25523-16","Uống","Giảm đau - kháng viêm","Chưa có hồ sơ xác minh - không hiển thị dữ liệu suy đoán","","nsaid"
"10","Đại tràng - HD","Bạch thược, Bạch truật, Cam thảo, Hoàng liên, Kha tử, Mộc hương","VD-27232-17","Uống","Thuốc nội trú khác","Chưa có hồ sơ xác minh - không hiển thị dữ liệu suy đoán","","herbal_probiotic_supplement"
"11","Đại tràng hoàn P/H","Bạch linh, Bạch thược, Bạch truật, Cam thảo, Đảng sâm, Hoài sơn, Hoàng Đằng, Hoàng liên, Mộc hương, Sa nhân, Trần bì","VD-25946-16","Uống","Thuốc nội trú khác","Chưa có hồ sơ xác minh - không hiển thị dữ liệu suy đoán","","herbal_probiotic_supplement"
"12","Albuman 20% 200g/l","Albumin","870410036023","Tiêm truyền","Dịch truyền - điện giải - dinh dưỡng","Chưa có hồ sơ xác minh - không hiển thị dữ liệu suy đoán","","electrolyte_fluid"
"13","Alcaine 0.5%","Proparacain hydroclorid","VN-21093-18","Nhỏ mắt","Thuốc nội trú khác","Chưa có hồ sơ xác minh - không hiển thị dữ liệu suy đoán","","local_anesthetic"
"14","Alpha - choay","Alphachymotrypsin","893110342224","Uống","Thuốc nội trú khác","Chưa có hồ sơ xác minh - không hiển thị dữ liệu suy đoán","","herbal_probiotic_supplement"
"15","Alsiful S.R.Tablets 10mg","Alfuzosin","VN-22539-20","Uống","Thuốc nội trú khác","Chưa có hồ sơ xác minh - không hiển thị dữ liệu suy đoán","","urology_alpha_blocker"
"16","Am-broxol SYT-25","Ambroxol hydroclorid","893100276200","Uống","Thuốc nội trú khác","Chưa có hồ sơ xác minh - không hiển thị dữ liệu suy đoán","","mucolytic_antitussive"
"17","Aminazin 1.25%","Clorpromazin","VD-30228-18","Tiêm","Thuốc nội trú khác","Chưa có hồ sơ xác minh - không hiển thị dữ liệu suy đoán","","antipsychotic_psych"
"18","Amiparen 10%","Acid amin","893110453623","Tiêm truyền","Dịch truyền - điện giải - dinh dưỡng","Chưa có hồ sơ xác minh - không hiển thị dữ liệu suy đoán","","electrolyte_fluid"
"19","Amlodipine 5 mg Cap","Amlodipin","VD-35752-22","Uống","Tim mạch","Chưa có hồ sơ xác minh - không hiển thị dữ liệu suy đoán","","antihypertensive_raas_ccb_beta"
"20","ANAROPIN 5mg/ml (0,5%)","Ropivacain hydroclorid","VN-19004-15","Tiêm","Thuốc nội trú khác","Chưa có hồ sơ xác minh - không hiển thị dữ liệu suy đoán","","emergency_critical"
"21","Aspirin tab DWP 100mg TTKN-25","Acetylsalicylic acid","893110251524","Uống","Tim mạch","Đã có hồ sơ xác minh theo hoạt chất/SĐK","acetylsalicylic_acid","statin_antiplatelet_anticoagulant"
"22","Atoris 10mg","Atorvastatin","VN-18272-14","Uống","Tim mạch","Đã có hồ sơ xác minh theo hoạt chất/SĐK","atorvastatin","statin_antiplatelet_anticoagulant"
"23","Atropin Sulphat","Atropin sulfat","VD-24376-16","Tiêm","Thuốc nội trú khác","Chưa có hồ sơ xác minh - không hiển thị dữ liệu suy đoán","","emergency_critical"
"24","Axuka","Amoxicillin + acid clavulanic","594110072523","Tiêm","Kháng sinh / kháng nấm / kháng virus","Đã có hồ sơ chuyên môn nội bộ (kháng sinh/kháng nấm/kháng virus)","Axuka","amoxicillin_clavulanate"
"25","AYITE","Rebamipid","VD-20520-14","Uống","Thuốc nội trú khác","Chưa có hồ sơ xác minh - không hiển thị dữ liệu suy đoán","","ppi_gi"
"26","Baci-subti SYT-25","Bacillus subtilis","893400647624","Uống","Thuốc nội trú khác","Chưa có hồ sơ xác minh - không hiển thị dữ liệu suy đoán","","herbal_probiotic_supplement"
"27","Benita TTKN-25","Budesonide","893100314323","Xịt mũi","Hô hấp","Chưa có hồ sơ xác minh - không hiển thị dữ liệu suy đoán","","bronchodilator_inhaled"
"28","Benzathin benzylpenicilin 1.200.000 IU","Benzathin benzylpenicilin","VD-29207-18","Tiêm","Thuốc nội trú khác","Đã có hồ sơ chuyên môn nội bộ (kháng sinh/kháng nấm/kháng virus)","Benzathin benzylpenicilin 1.200.000 IU","benzathine_penicillin"
"29","Bestdocel 20mg/1ml TTKN-25","Docetaxel","893114114823","Tiêm truyền","Thuốc nội trú khác","Chưa có hồ sơ xác minh - không hiển thị dữ liệu suy đoán","","oncology"
"30","Bestdocel 80mg/4ml TTKN-25","Docetaxel","QLĐB-767-19","Tiêm truyền","Thuốc nội trú khác","Chưa có hồ sơ xác minh - không hiển thị dữ liệu suy đoán","","oncology"
"31","Betaloc Zok 50mg","Metoprolol","730110022123","Uống","Tim mạch","Chưa có hồ sơ xác minh - không hiển thị dữ liệu suy đoán","","antihypertensive_raas_ccb_beta"
"32","BFS-Adenosin DV-26","Adenosin","893110433024","Tiêm truyền","Thuốc nội trú khác","Chưa có hồ sơ xác minh - không hiển thị dữ liệu suy đoán","","emergency_critical"
"33","BFS - Amiron","Amiodaron hydroclorid","VD-28871-18","Tiêm","Thuốc nội trú khác","Chưa có hồ sơ xác minh - không hiển thị dữ liệu suy đoán","","emergency_critical"
"34","BFS-Naloxone","Naloxon hydroclorid","VD-23379-15","Tiêm","Thuốc nội trú khác","Chưa có hồ sơ xác minh - không hiển thị dữ liệu suy đoán","","emergency_critical"
"35","BFS-Neostigmine 0.25 TTKN-25","Neostigmin metylsulfat","893114703224","Tiêm","Thuốc nội trú khác","Chưa có hồ sơ xác minh - không hiển thị dữ liệu suy đoán","","emergency_critical"
"36","BFS-Nicardipin","Nicardipin","893110151024","Tiêm","Thuốc nội trú khác","Chưa có hồ sơ xác minh - không hiển thị dữ liệu suy đoán","","emergency_critical"
"37","Bipp Zinc powder","Kẽm gluconat","893100198224","Uống","Thuốc nội trú khác","Chưa có hồ sơ xác minh - không hiển thị dữ liệu suy đoán","","herbal_probiotic_supplement"
"38","Biseptol 480","Sulfamethoxazol + trimethoprim","VN-23059-22","Uống","Kháng sinh / kháng nấm / kháng virus","Đã có hồ sơ chuyên môn nội bộ (kháng sinh/kháng nấm/kháng virus)","Biseptol 480","tmp_smx"
"39","Bisoprolol 5mg","Bisoprolol","VN-22178-19","Uống","Tim mạch","Chưa có hồ sơ xác minh - không hiển thị dữ liệu suy đoán","","antihypertensive_raas_ccb_beta"
"40","Bivelox I.V 5mg/ml","Levofloxacin","VD-33728-19","Tiêm truyền","Kháng sinh / kháng nấm / kháng virus","Đã có hồ sơ chuyên môn nội bộ (kháng sinh/kháng nấm/kháng virus)","Bivelox I.V 5mg/ml","fluoroquinolone"
"41","Bổ phế trị ho SYT-25","Sinh địa, Mạch môn, Huyền sâm, Bối mẫu, Bạch thược, Mẫu đơn bì, Cam thảo","VD-33929-19","Uống","Thuốc nội trú khác","Chưa có hồ sơ xác minh - không hiển thị dữ liệu suy đoán","","mucolytic_antitussive"
"42","Bocartin 150 DV-26","Carboplatin","893114122725","Tiêm","Thuốc nội trú khác","Chưa có hồ sơ xác minh - không hiển thị dữ liệu suy đoán","","oncology"
"43","Bolabio - TTKN 25","Saccharomyces boulardii","893400306424","Uống","Thuốc nội trú khác","Chưa có hồ sơ xác minh - không hiển thị dữ liệu suy đoán","","herbal_probiotic_supplement"
"44","Bredomax 300","Fenofibrat","VD-23652-15","Uống","Thuốc nội trú khác","Đã có hồ sơ xác minh theo hoạt chất/SĐK","fenofibrate","statin_antiplatelet_anticoagulant"
"45","Calci clorid","Calci clorid","VD-24898-16","Tiêm","Thuốc nội trú khác","Chưa có hồ sơ xác minh - không hiển thị dữ liệu suy đoán","","emergency_critical"
"46","Cammic TTKN-25","Acid tranexamic","VD-23729-15","Tiêm","Thuốc nội trú khác","Chưa có hồ sơ xác minh - không hiển thị dữ liệu suy đoán","","emergency_critical"
"47","Candesartan Plus 8/12,5 SYT-25","Candesartan + hydrochlorothiazid","893110027124","Uống","Tim mạch","Chưa có hồ sơ xác minh - không hiển thị dữ liệu suy đoán","","antihypertensive_raas_ccb_beta"
"48","Canpaxel 250 TTKN-25","Paclitaxel","893114229123","Tiêm","Thuốc nội trú khác","Chưa có hồ sơ xác minh - không hiển thị dữ liệu suy đoán","","oncology"
"49","Cebest","Cefpodoxim","VD-28341-17","Uống","Thuốc nội trú khác","Đã có hồ sơ chuyên môn nội bộ (kháng sinh/kháng nấm/kháng virus)","Cebest","cephalosporin_oral"
"50","Cefixime STADA 200mg","Cefixim","VD-35469-21","Uống","Kháng sinh / kháng nấm / kháng virus","Đã có hồ sơ chuyên môn nội bộ (kháng sinh/kháng nấm/kháng virus)","Cefixime STADA 200mg","cephalosporin_oral"
"51","Cefoperazone 1000 SYT-25","Cefoperazon","VD-35037-21","Tiêm","Kháng sinh / kháng nấm / kháng virus","Đã có hồ sơ chuyên môn nội bộ (kháng sinh/kháng nấm/kháng virus)","Cefoperazone 1000 SYT-25","ceftazidime_cefoperazone"
"52","Ceftazidime 1000","Ceftazidim","VD-19012-13","Tiêm","Kháng sinh / kháng nấm / kháng virus","Đã có hồ sơ chuyên môn nội bộ (kháng sinh/kháng nấm/kháng virus)","Ceftazidime 1000","ceftazidime_cefoperazone"
"53","Ceginkton","Bạch quả, Đinh lăng","VD-33689-19","Uống","Thuốc nội trú khác","Chưa có hồ sơ xác minh - không hiển thị dữ liệu suy đoán","","herbal_probiotic_supplement"
"54","Cepemid 1,5g","Imipenem + cilastatin","VD-21658-14","Tiêm","Kháng sinh / kháng nấm / kháng virus","Đã có hồ sơ chuyên môn nội bộ (kháng sinh/kháng nấm/kháng virus)","Cepemid 1,5g","carbapenem"
"55","Cerebrolysin","Peptid (Cerebrolysin concentrate)","QLSP-845-15","Tiêm","Thuốc nội trú khác","Chưa có hồ sơ xác minh - không hiển thị dữ liệu suy đoán","","antiepileptic_neuro"
"56","Cerebrolysin 10ml","Peptid (Cerebrolysin concentrate)","","Tiêm tĩnh mạch","Thuốc nội trú khác","Chưa có hồ sơ xác minh - không hiển thị dữ liệu suy đoán","","antiepileptic_neuro"
"57","Cernevit DV-25","Retinol + Cholecalciferol","300110170600","Tiêm","Thuốc nội trú khác","Chưa có hồ sơ xác minh - không hiển thị dữ liệu suy đoán","","iron_vitamins"
"58","Chiamin-A 5%","L-isoleicine;L-leucine;L-methionine;L-lysine HCL","471110436923","Tiêm truyền","Thuốc nội trú khác","Chưa có hồ sơ xác minh - không hiển thị dữ liệu suy đoán","","amino_acid_liver_nutrition"
"59","Ciproven 10mg/ml","Ciprofloxacin","893115226224","Tiêm","Kháng sinh / kháng nấm / kháng virus","Đã có hồ sơ chuyên môn nội bộ (kháng sinh/kháng nấm/kháng virus)","Ciproven 10mg/ml","fluoroquinolone"
"60","Colistimed","Colistin","VD-24643-16","Tiêm","Kháng sinh / kháng nấm / kháng virus","Đã có hồ sơ chuyên môn nội bộ (kháng sinh/kháng nấm/kháng virus)","Colistimed","colistin"
"61","Comiaryl 2mg/500mg","Glimepirid + metformin hydroclorid","893110617124","Uống","Nội tiết - chuyển hóa","Chưa có hồ sơ xác minh - không hiển thị dữ liệu suy đoán","","oral_antidiabetic"
"62","Coveram 5mg/5mg TTKN-25","Perindopril arginine 5mg (tương đương 3,395mg perindopril)+ Amlodipine (dưới dạng amlodipin besilate) 5mg","VN-18635-15","Uống","Tim mạch","Chưa có hồ sơ xác minh - không hiển thị dữ liệu suy đoán","","antihypertensive_raas_ccb_beta"
"63","Coversyl 5mg BVVT-25","Perindopril","VN-17087-13","Uống","Thuốc nội trú khác","Chưa có hồ sơ xác minh - không hiển thị dữ liệu suy đoán","","antihypertensive_raas_ccb_beta"
"64","Coversyl Plus Arginine 5mg/1.25mg TTKN-25","Perindopril arginine (tương ứng với 3,395mg perindopril) 5 mg+ Indapamide 1,25 mg","VN-18353-14","Uống","Thuốc nội trú khác","Chưa có hồ sơ xác minh - không hiển thị dữ liệu suy đoán","","antihypertensive_raas_ccb_beta"
"65","Curam 625mg","Amoxicilin (dưới dạng Amoxicilin trihydrat) 500mg;Acid clavulanic (dưới dạng Kali clavulanat) 125mg","900110976524","Uống","Kháng sinh / kháng nấm / kháng virus","Đã có hồ sơ chuyên môn nội bộ (kháng sinh/kháng nấm/kháng virus)","Curam 625mg","amoxicillin_clavulanate"
"66","Dalekine","Valproat natri","VD-32762-19","Uống","Thuốc nội trú khác","Chưa có hồ sơ xác minh - không hiển thị dữ liệu suy đoán","","antiepileptic_neuro"
"67","Danapha-Telfadin 180","Fexofenadin","VD-28786-18","Uống","Thuốc nội trú khác","Chưa có hồ sơ xác minh - không hiển thị dữ liệu suy đoán","","antihistamine_allergy"
"68","Danapha-Telfadin TTKN-25","Fexofenadin","VD-24082-16","Uống","Thuốc nội trú khác","Chưa có hồ sơ xác minh - không hiển thị dữ liệu suy đoán","","antihistamine_allergy"
"69","Daphazyl","Spiramycin + Metronidazol","VD-28787-18","Uống","Kháng sinh / kháng nấm / kháng virus","Đã có hồ sơ xác minh theo hoạt chất/SĐK","spiramycin_metronidazole_dental","metronidazole_spiramycin"
"70","Daphazyl","Spiramycin + Metronidazol","893115264223","Uống","Kháng sinh / kháng nấm / kháng virus","Đã có hồ sơ xác minh theo hoạt chất/SĐK","spiramycin_metronidazole_dental","metronidazole_spiramycin"
"71","Desloratadin ODT 5","Desloratadin","VD-35516-21","Uống","Thuốc nội trú khác","Chưa có hồ sơ xác minh - không hiển thị dữ liệu suy đoán","","antihistamine_allergy"
"72","Dexamethasone","Dexamethason","VD-25856-16","Tiêm","Thuốc nội trú khác","Chưa có hồ sơ xác minh - không hiển thị dữ liệu suy đoán","","corticosteroid"
"73","Dexamethasone TTKN-25","Dexamethason phosphat (dưới dạng Dexamethason natri phosphat)","893110237800","Tiêm","Thuốc nội trú khác","Chưa có hồ sơ xác minh - không hiển thị dữ liệu suy đoán","","corticosteroid"
"74","Dexmed Kabi DV-26","Dexmedetomidin","900114962924","Tiêm truyền","Thuốc nội trú khác","Chưa có hồ sơ xác minh - không hiển thị dữ liệu suy đoán","","emergency_critical"
"75","Dextrose","Glucose","VN-22248-19","Tiêm truyền","Dịch truyền - điện giải - dinh dưỡng","Chưa có hồ sơ xác minh - không hiển thị dữ liệu suy đoán","","electrolyte_fluid"
"76","Diamicron MR  30mg BVVT-26","Gliclazide","VN-20549-17","Uống","Nội tiết - chuyển hóa","Chưa có hồ sơ xác minh - không hiển thị dữ liệu suy đoán","","oral_antidiabetic"
"77","Diamicron MR 60mg BVVT-25","Gliclazide","VN-20796-17","Uống","Nội tiết - chuyển hóa","Chưa có hồ sơ xác minh - không hiển thị dữ liệu suy đoán","","oral_antidiabetic"
"78","Diamicron MR 60mg BVVT-26","Gliclazide","VN-20796-17","Uống","Nội tiết - chuyển hóa","Chưa có hồ sơ xác minh - không hiển thị dữ liệu suy đoán","","oral_antidiabetic"
"79","Diazepam 10mg/2ml","Diazepam","893112683724","Tiêm","Thuốc nội trú khác","Chưa có hồ sơ xác minh - không hiển thị dữ liệu suy đoán","","emergency_critical"
"80","Diclofenac","Diclofenac","893110081424","Tiêm","Giảm đau - kháng viêm","Chưa có hồ sơ xác minh - không hiển thị dữ liệu suy đoán","","nsaid"
"81","Digoxin-BFS","Digoxin","VD-31618-19","Tiêm","Thuốc nội trú khác","Chưa có hồ sơ xác minh - không hiển thị dữ liệu suy đoán","","cardiac_digoxin_ivabradine_nitrate"
"82","DigoxineQualy DV-26","Digoxin","89311028024","Uống","Thuốc nội trú khác","Chưa có hồ sơ xác minh - không hiển thị dữ liệu suy đoán","","cardiac_digoxin_ivabradine_nitrate"
"83","Diprospan 1 ml","Betamethasone dipropionate + Betamethasone diosodiumphosphate","VN-15551-12","Tiêm","Thuốc nội trú khác","Chưa có hồ sơ xác minh - không hiển thị dữ liệu suy đoán","","emergency_critical"
"84","Disthyrox","Levothyroxin (muối natri)","VD-21846-14","Uống","Thuốc nội trú khác","Chưa có hồ sơ xác minh - không hiển thị dữ liệu suy đoán","","thyroid"
"85","Disthyrox SYT-25","Levothyroxin ( muối natri)","VD-21846-14","Uống","Thuốc nội trú khác","Chưa có hồ sơ xác minh - không hiển thị dữ liệu suy đoán","","thyroid"
"86","Disthyrox TTKN-25","Levothyroxin ( muối natri)","VD-21846-14","Uống","Thuốc nội trú khác","Chưa có hồ sơ xác minh - không hiển thị dữ liệu suy đoán","","thyroid"
"87","Dobutamin-BFS","Dobutamin","VD-26125-17","Tiêm","Thuốc nội trú khác","Chưa có hồ sơ xác minh - không hiển thị dữ liệu suy đoán","","emergency_critical"
"88","Dopolys-S","Cao ginkgo biloba + heptaminol clohydrat + troxerutin","VD-34855-20","Uống","Thuốc nội trú khác","Chưa có hồ sơ xác minh - không hiển thị dữ liệu suy đoán","","herbal_probiotic_supplement"
"89","Dotarem 10ml DV","Gadoteric acid","VN-15929-12","Tiêm tĩnh mạch","Thuốc nội trú khác","Chưa có hồ sơ xác minh - không hiển thị dữ liệu suy đoán","","contrast_media"
"90","Dotarem SYT-25","Gadoteric acid","VN-23274-22","Tiêm","Thuốc nội trú khác","Chưa có hồ sơ xác minh - không hiển thị dữ liệu suy đoán","","contrast_media"
"91","Doxorubicin Bidiphar 50 TTKN-25","Doxorubicin hydroclorid","QLĐB-693-18","Tiêm truyền","Thuốc nội trú khác","Chưa có hồ sơ xác minh - không hiển thị dữ liệu suy đoán","","oncology"
"92","Doxorubicin DV-26","Doxorubicin Hydrochloride","893114093323","Truyền tĩnh mạch","Thuốc nội trú khác","Chưa có hồ sơ xác minh - không hiển thị dữ liệu suy đoán","","oncology"
"93","Drotusc Forte","Drotaverin clohydrat","VD-24789-16","Uống","Thuốc nội trú khác","Chưa có hồ sơ xác minh - không hiển thị dữ liệu suy đoán","","gi_antispasmodic_laxative"
"94","Dung dịch rửa vết thương Natri clorid 0,9%","Natri clorid","VD-30953-18","Dùng ngoài","Dịch truyền - điện giải - dinh dưỡng","Chưa có hồ sơ xác minh - không hiển thị dữ liệu suy đoán","","electrolyte_fluid"
"95","Dung dịch vệ sinh phụ nữ Crevil","Cúc la mã, lá xô thơm,","189776/22/CBMP-QLD","Dùng ngoài","Thuốc nội trú khác","Chưa có hồ sơ xác minh - không hiển thị dữ liệu suy đoán","","eye_ent_derm_local"
"96","Duphaston 10mg","Dydrogesteron","VN-12830-11","Uống","Thuốc nội trú khác","Chưa có hồ sơ xác minh - không hiển thị dữ liệu suy đoán","","women_health"
"97","Easylax","Thiết bị y tế","190000999/PCBA-HN","Thụt hậu môn - trực tràng","Thuốc nội trú khác","Chưa có hồ sơ xác minh - không hiển thị dữ liệu suy đoán","","gi_antispasmodic_laxative"
"98","Ediwel","Clopidogrel","VD-20441-14","Uống","Tim mạch","Đã có hồ sơ xác minh theo hoạt chất/SĐK","clopidogrel","statin_antiplatelet_anticoagulant"
"99","Effe-C TP","Vitamin C","VD-29387-18","Uống","Thuốc nội trú khác","Chưa có hồ sơ xác minh - không hiển thị dữ liệu suy đoán","","iron_vitamins"
"100","Emla cream 5%","Lidocain + prilocain","VN-19787-16","Dùng ngoài","Thuốc nội trú khác","Chưa có hồ sơ xác minh - không hiển thị dữ liệu suy đoán","","local_anesthetic"
"101","Endoxan 200mg","Cyclophosphamid","VN-16581-13","Tiêm truyền","Thuốc nội trú khác","Chưa có hồ sơ xác minh - không hiển thị dữ liệu suy đoán","","oncology"
"102","Ephedrine Aguettant 30mg/ml","Ephedrin","VN-19221-15","Tiêm truyền tĩnh mạch","Thuốc nội trú khác","Chưa có hồ sơ xác minh - không hiển thị dữ liệu suy đoán","","emergency_critical"
"103","Epirubicin Bidiphar 50 TTKN-25","Epirubicin hydroclorid","893114115023","Tiêm","Thuốc nội trú khác","Chưa có hồ sơ xác minh - không hiển thị dữ liệu suy đoán","","oncology"
"104","Femara","Letrozol","760114186923","Uống","Thuốc nội trú khác","Chưa có hồ sơ xác minh - không hiển thị dữ liệu suy đoán","","oncology"
"105","Fentanyl 50 micrograms/ml","Fentanyl","VN-22499-20","Tiêm","Thuốc nội trú khác","Chưa có hồ sơ xác minh - không hiển thị dữ liệu suy đoán","","emergency_critical"
"106","Fentanyl B.Braun 0.1mg/2ml","Fentanyl","VN-22494-20","Tiêm","Thuốc nội trú khác","Chưa có hồ sơ xác minh - không hiển thị dữ liệu suy đoán","","emergency_critical"
"107","Fentanyl-Hameln 50 mcg/ml","Fentanyl","VN-17325-13","Tiêm","Thuốc nội trú khác","Chưa có hồ sơ xác minh - không hiển thị dữ liệu suy đoán","","emergency_critical"
"108","Fosmicin for I.V.USE 2g","Fosfomycin","VN-13785-11","Tiêm","Kháng sinh / kháng nấm / kháng virus","Đã có hồ sơ chuyên môn nội bộ (kháng sinh/kháng nấm/kháng virus)","Fosmicin for I.V.USE 2g","fosfomycin"
"109","Fresofol 1% Mct/Lct Inj 20ml 5's","Propofol","","Tiêm","Thuốc nội trú khác","Chưa có hồ sơ xác minh - không hiển thị dữ liệu suy đoán","","emergency_critical"
"110","Furosemid DV-26","Furosemid","VD-18827-13","Uống","Tim mạch","Chưa có hồ sơ xác minh - không hiển thị dữ liệu suy đoán","","diuretic_furosemide"
"111","Garnotal","Phenobarbital","893112426324","Uống","Thuốc nội trú khác","Chưa có hồ sơ xác minh - không hiển thị dữ liệu suy đoán","","antiepileptic_neuro"
"112","Garnotal 10","Phenobarbital","893112467324","Uống","Thuốc nội trú khác","Chưa có hồ sơ xác minh - không hiển thị dữ liệu suy đoán","","antiepileptic_neuro"
"113","Gemapaxane TTKN-25","Enoxaparin natri","800410092123","Tiêm","Thuốc nội trú khác","Chưa có hồ sơ xác minh - không hiển thị dữ liệu suy đoán","","anticoagulant_heparin"
"114","Gentamicin 80mg","Gentamicin","VD-25858-16","Tiêm","Kháng sinh / kháng nấm / kháng virus","Đã có hồ sơ chuyên môn nội bộ (kháng sinh/kháng nấm/kháng virus)","Gentamicin 80mg","aminoglycoside"
"115","Glucose 10%","Glucose","VD-25876-16","Tiêm truyền tĩnh mạch","Dịch truyền - điện giải - dinh dưỡng","Chưa có hồ sơ xác minh - không hiển thị dữ liệu suy đoán","","electrolyte_fluid"
"116","Glumeben 500mg/2,5mg","Glibenclamid + metformin hydroclorid","VD-24598-16","Uống","Nội tiết - chuyển hóa","Chưa có hồ sơ xác minh - không hiển thị dữ liệu suy đoán","","oral_antidiabetic"
"117","Golddicron","Gliclazid","800110402523","Uống","Nội tiết - chuyển hóa","Chưa có hồ sơ xác minh - không hiển thị dữ liệu suy đoán","","oral_antidiabetic"
"118","Golistin-soda","Monobasic natri phosphat + dibasic natri phosphat","VD-34931-21","Uống","Thuốc nội trú khác","Chưa có hồ sơ xác minh - không hiển thị dữ liệu suy đoán","","gi_antispasmodic_laxative"
"119","Goutcolcin DV-26","Colchicin","893115145024","Uống","Thuốc nội trú khác","Chưa có hồ sơ xác minh - không hiển thị dữ liệu suy đoán","","gout"
"120","Hadudrota DV-26","Drotaverin hydroclorid","893110091625","Tiêm","Thuốc nội trú khác","Chưa có hồ sơ xác minh - không hiển thị dữ liệu suy đoán","","gi_antispasmodic_laxative"
"121","Hadugut 300","Allopurinol","893110107600","Uống","Thuốc nội trú khác","Chưa có hồ sơ xác minh - không hiển thị dữ liệu suy đoán","","gout"
"122","Hadumedrol","Diphenhydramin","893110299000","Tiêm","Thuốc nội trú khác","Chưa có hồ sơ xác minh - không hiển thị dữ liệu suy đoán","","antihistamine_allergy"
"123","Hadumix Cap TTKN-25","N-acetylcystein","893100108000","Uống","Thuốc nội trú khác","Chưa có hồ sơ xác minh - không hiển thị dữ liệu suy đoán","","mucolytic_antitussive"
"124","Hadunalin 1mg/ml TTKN-25","Adrenalin","893110151100","Tiêm","Thuốc nội trú khác","Chưa có hồ sơ xác minh - không hiển thị dữ liệu suy đoán","","emergency_critical"
"125","Hapacol 250","Paracetamol (acetaminophen)","893100041023","Uống","Giảm đau - kháng viêm","Chưa có hồ sơ xác minh - không hiển thị dữ liệu suy đoán","","paracetamol"
"126","Hasanbest 500/2.5 SYT-25","Glibenclamid + metformin hydroclorid","893110457724","Uống","Nội tiết - chuyển hóa","Chưa có hồ sơ xác minh - không hiển thị dữ liệu suy đoán","","oral_antidiabetic"
"127","Haxium 40","Esomeprazol (dưới dạng Esomeprazol pellets 22,5% (vi hạt bao tan trong ruột chứa Esomeprazol magnesi trihydrat)","893110269523","Uống","Tiêu hóa","Chưa có hồ sơ xác minh - không hiển thị dữ liệu suy đoán","","ppi_gi"
"128","Hemotocin","Carbetocin","893110281623","Tiêm","Thuốc nội trú khác","Chưa có hồ sơ xác minh - không hiển thị dữ liệu suy đoán","","emergency_critical"
"129","Hepa-Mers 5g/10ml","L-ornithin - L-aspartat","400110069923","Tiêm","Thuốc nội trú khác","Chưa có hồ sơ xác minh - không hiển thị dữ liệu suy đoán","","amino_acid_liver_nutrition"
"130","HEPARINE SODIQUE PANPHARMA 5 000 U.I./ml","Heparin (natri)","VN-15617-12","Tiêm","Thuốc nội trú khác","Chưa có hồ sơ xác minh - không hiển thị dữ liệu suy đoán","","anticoagulant_heparin"
"131","Herticad 150mg 50%","Trastuzumab","460410036323","Tiêm","Thuốc nội trú khác","Chưa có hồ sơ xác minh - không hiển thị dữ liệu suy đoán","","oncology"
"132","Huyết thanh kháng độc tố uốn ván tinh chế (SAT)","Huyết thanh kháng uốn ván","QLSP-1037-17","Tiêm","Thuốc nội trú khác","Chưa có hồ sơ xác minh - không hiển thị dữ liệu suy đoán","","iron_vitamins"
"133","Hydrocortison 100mg","Hydrocortison","VD-29954-18","Tiêm","Thuốc nội trú khác","Chưa có hồ sơ xác minh - không hiển thị dữ liệu suy đoán","","corticosteroid"
"134","Ibupain","Ibuprofen","VD-32720-19","Uống","Thuốc nội trú khác","Chưa có hồ sơ xác minh - không hiển thị dữ liệu suy đoán","","nsaid"
"135","Ibuprofen S DWP 150mg TTKN-25","Ibuprofen","893100113424","Uống","Thuốc nội trú khác","Chưa có hồ sơ xác minh - không hiển thị dữ liệu suy đoán","","nsaid"
"136","Implanon NXT","Etonogestrel","VN-20947-18","Tiêm dưới da","Thuốc nội trú khác","Chưa có hồ sơ xác minh - không hiển thị dữ liệu suy đoán","","women_health"
"137","Irinotecan bidiphar 100mg/5ml TTKN-25","Irinotecan hydroclorid trihydrat","893114093523","Tiêm truyền","Thuốc nội trú khác","Chưa có hồ sơ xác minh - không hiển thị dữ liệu suy đoán","","oncology"
"138","Irinotecan Bidiphar 40mg/2ml TTKN-25","Irinotecan hydroclorid trihydrat","893114115123","Tiêm truyền","Thuốc nội trú khác","Chưa có hồ sơ xác minh - không hiển thị dữ liệu suy đoán","","oncology"
"139","JW Amikacin","Amikacin","VN-19684-16","Tiêm truyền tĩnh mạch","Kháng sinh / kháng nấm / kháng virus","Đã có hồ sơ chuyên môn nội bộ (kháng sinh/kháng nấm/kháng virus)","JW Amikacin","aminoglycoside"
"140","Kali clorid","Kali clorid","VD-33359-19","Uống","Dịch truyền - điện giải - dinh dưỡng","Chưa có hồ sơ xác minh - không hiển thị dữ liệu suy đoán","","electrolyte_fluid"
"141","Kali clorid","Kali clorid","VD-25324-16","Tiêm","Dịch truyền - điện giải - dinh dưỡng","Chưa có hồ sơ xác minh - không hiển thị dữ liệu suy đoán","","electrolyte_fluid"
"142","Kali clorid 10% 500mg/5ml","Kali clorid","893110360125","Tiêm","Dịch truyền - điện giải - dinh dưỡng","Chưa có hồ sơ xác minh - không hiển thị dữ liệu suy đoán","","electrolyte_fluid"
"143","Kẽm oxyd 10%","Kẽm oxid","VD-19083-13","Dùng ngoài","Thuốc nội trú khác","Chưa có hồ sơ xác minh - không hiển thị dữ liệu suy đoán","","eye_ent_derm_local"
"144","Ketoprofen EC DWP 100mg TTKN-25","Ketoprofen","VD-35224-21","Uống","Thuốc nội trú khác","Chưa có hồ sơ xác minh - không hiển thị dữ liệu suy đoán","","nsaid"
"145","Ketorolac-BFS","Ketorolac","893110383624","Tiêm","Giảm đau - kháng viêm","Chưa có hồ sơ xác minh - không hiển thị dữ liệu suy đoán","","nsaid"
"146","Koact 625","Amoxicilin (dưới dạng Amoxicilin trihydrat);Acid clavulanic (dưới dạng Clavulanat kali)","890110517024","Uống","Kháng sinh / kháng nấm / kháng virus","Đã có hồ sơ chuyên môn nội bộ (kháng sinh/kháng nấm/kháng virus)","Curam 625mg","amoxicillin_clavulanate"
"147","Kpec 500 TTKN-25","Capecitabin","893114228123","Uống","Thuốc nội trú khác","Chưa có hồ sơ xác minh - không hiển thị dữ liệu suy đoán","","oncology"
"148","Lactated Ringer's TTKN -25","Natri clorid;Natri lactat;Kali clorid;Calci clorid dihydrat","893110118323","Tiêm truyền","Dịch truyền - điện giải - dinh dưỡng","Chưa có hồ sơ xác minh - không hiển thị dữ liệu suy đoán","","electrolyte_fluid"
"149","Lafocain spray","Thiết bị y tế","240001029/PCBB-HN","Phun mù","Thuốc nội trú khác","Chưa có hồ sơ xác minh - không hiển thị dữ liệu suy đoán","","local_anesthetic"
"150","Levobupi-BFS 50mg","Levobupivacain","VD-28877-18","Tiêm","Thuốc nội trú khác","Chưa có hồ sơ xác minh - không hiển thị dữ liệu suy đoán","","local_anesthetic"
"151","Levofloxacin Kabi","Levofloxacin","VD-29316-18","Tiêm truyền","Kháng sinh / kháng nấm / kháng virus","Đã có hồ sơ chuyên môn nội bộ (kháng sinh/kháng nấm/kháng virus)","Bivelox I.V 5mg/ml","fluoroquinolone"
"152","Lidocain-BFS 200mg","Lidocain hydroclodrid","VD-24590-16","Tiêm","Thuốc nội trú khác","Chưa có hồ sơ xác minh - không hiển thị dữ liệu suy đoán","","local_anesthetic"
"153","Lidocain hydroclorid 40mg/2ml","Lidocain hydroclodrid","VD-23764-15","Tiêm","Thuốc nội trú khác","Chưa có hồ sơ xác minh - không hiển thị dữ liệu suy đoán","","local_anesthetic"
"154","Lignospan standard","Lidocain + epinephrin (adrenalin)","VN-16049-12","Tiêm","Thuốc nội trú khác","Chưa có hồ sơ xác minh - không hiển thị dữ liệu suy đoán","","emergency_critical"
"155","Lisiplus HCT 10/12.5 TTKN-25","Lisinopril (dưới dạng lisinopril dihydrate) + Hydrochlorothiazide","VD-17766-12","Uống","Tim mạch","Chưa có hồ sơ xác minh - không hiển thị dữ liệu suy đoán","","antihypertensive_raas_ccb_beta"
"156","Lorista 50","Losartan Kali","383110010624","Uống","Thuốc nội trú khác","Chưa có hồ sơ xác minh - không hiển thị dữ liệu suy đoán","","arb_losartan"
"157","Lovastatin DWP 10mg TTKN-25","Lovastatin","VD-35744-22","Uống","Thuốc nội trú khác","Đã có hồ sơ xác minh theo hoạt chất/SĐK","lovastatin","statin_antiplatelet_anticoagulant"
"158","Lyoxatin 100mg/20ml TTKN-25","Oxaliplatin","QLĐB-593-17","Tiêm","Thuốc nội trú khác","Chưa có hồ sơ xác minh - không hiển thị dữ liệu suy đoán","","oncology"
"159","Lyoxatin 50mg/10ml TTKN-25","Oxaliplatin","893114115223","Tiêm truyền","Thuốc nội trú khác","Chưa có hồ sơ xác minh - không hiển thị dữ liệu suy đoán","","oncology"
"160","Magnesi Sulfat Kabi 15%","Magnesi sulfat","VD-19567-13","Tiêm truyền","Dịch truyền - điện giải - dinh dưỡng","Chưa có hồ sơ xác minh - không hiển thị dữ liệu suy đoán","","electrolyte_fluid"
"161","Mannitol 250ml","Manitol","VD-23168-15","Tiêm truyền","Thuốc nội trú khác","Chưa có hồ sơ xác minh - không hiển thị dữ liệu suy đoán","","mannitol_bicarbonate_water_oxygen"
"162","Marcaine Spinal Heavy 0.5%","Bupivacain hydroclorid","VN-19785-16","Tiêm","Thuốc nội trú khác","Chưa có hồ sơ xác minh - không hiển thị dữ liệu suy đoán","","local_anesthetic"
"163","Medlon 16","Methylprednisolon","VD-24620-16","Uống","Thuốc nội trú khác","Chưa có hồ sơ xác minh - không hiển thị dữ liệu suy đoán","","corticosteroid"
"164","Meronem 1g","Meropenem","VN-17831-14","Tiêm","Kháng sinh / kháng nấm / kháng virus","Đã có hồ sơ chuyên môn nội bộ (kháng sinh/kháng nấm/kháng virus)","Meronem 1g","carbapenem"
"165","Meropenem 1g","Meropenem","VD-24339-16","Tiêm","Kháng sinh / kháng nấm / kháng virus","Đã có hồ sơ chuyên môn nội bộ (kháng sinh/kháng nấm/kháng virus)","Meronem 1g","carbapenem"
"166","Metformin Stella 850 mg TTKN-25","Metformin","VD-26565-17","Uống","Nội tiết - chuyển hóa","Chưa có hồ sơ xác minh - không hiển thị dữ liệu suy đoán","","oral_antidiabetic"
"167","Methocarbamol MCN 1000 TTKN-25","Methocarbamol","893110949724","Uống","Thuốc nội trú khác","Chưa có hồ sơ xác minh - không hiển thị dữ liệu suy đoán","","muscle_relaxant"
"168","Methotrexat","Methotrexat","893114226823","Tiêm","Thuốc nội trú khác","Chưa có hồ sơ xác minh - không hiển thị dữ liệu suy đoán","","methotrexate_immunosuppressant"
"169","Methylergometrine Maleate injection 0,2mg - 1ml","Methyl ergometrin maleat","VN-21836-19","Tiêm","Thuốc nội trú khác","Chưa có hồ sơ xác minh - không hiển thị dữ liệu suy đoán","","uterotonic_contraceptive_more"
"170","Metovomit","Metoclopramid","893110227424","Uống","Tiêu hóa","Chưa có hồ sơ xác minh - không hiển thị dữ liệu suy đoán","","antiemetic"
"171","Metronidazol 0,5g/ 100ml -DV23","Metronidazol","VD34057-20","Tiêm","Kháng sinh / kháng nấm / kháng virus","Đã có hồ sơ chuyên môn nội bộ (kháng sinh/kháng nấm/kháng virus)","Metronidazol 0,5g/ 100ml -DV23","metronidazole_spiramycin"
"172","Metronidazol 250","Metronidazol","VD-22036-14","Uống","Kháng sinh / kháng nấm / kháng virus","Đã có hồ sơ chuyên môn nội bộ (kháng sinh/kháng nấm/kháng virus)","Metronidazol 0,5g/ 100ml -DV23","metronidazole_spiramycin"
"173","Meza-Calci D3 SYT-25","Calci carbonat + vitamin D3","VD-31110-18","Uống","Thuốc nội trú khác","Chưa có hồ sơ xác minh - không hiển thị dữ liệu suy đoán","","iron_vitamins"
"174","Mezapulgit SYT-25","Attapulgit mormoiron hoạt hóa + magnesi carbonat - nhôm hydroxyd","VD-19362-13","Uống","Thuốc nội trú khác","Chưa có hồ sơ xác minh - không hiển thị dữ liệu suy đoán","","attapulgite_antacid"
"175","Mezaterol 20","Bambuterol","VD-25696-16","Uống","Thuốc nội trú khác","Chưa có hồ sơ xác minh - không hiển thị dữ liệu suy đoán","","bambuterol_decongestant"
"176","MG-TAN INJ 480ml","Acid amin + glucose + lipid ()","VN-14825-12","Tiêm truyền tĩnh mạch","Dịch truyền - điện giải - dinh dưỡng","Chưa có hồ sơ xác minh - không hiển thị dữ liệu suy đoán","","electrolyte_fluid"
"177","MG-TAN Inj 960ml","Acid amin + glucose + lipid ()","VN-21330-18","Tiêm truyền","Dịch truyền - điện giải - dinh dưỡng","Chưa có hồ sơ xác minh - không hiển thị dữ liệu suy đoán","","electrolyte_fluid"
"178","Mibetel HCT SYT-25","Telmisartan + hydroclorothiazid","893110409524","Uống","Thuốc nội trú khác","Chưa có hồ sơ xác minh - không hiển thị dữ liệu suy đoán","","antihypertensive_raas_ccb_beta"
"179","Mibetel HCT TTKN-25","Telmisartan + hydroclorothiazid","893110409524","Uống","Thuốc nội trú khác","Chưa có hồ sơ xác minh - không hiển thị dữ liệu suy đoán","","antihypertensive_raas_ccb_beta"
"180","Mirena (Hệ phóng thích thuốc qua dụng cụ đặt tử cung)","Levonorgestrel","640110020623","Đặt tử cung","Thuốc nội trú khác","Chưa có hồ sơ xác minh - không hiển thị dữ liệu suy đoán","","uterotonic_contraceptive_more"
"181","Misoprostol stella 200mcg","Misoprostol","VD-13626-10","Uống","Thuốc nội trú khác","Chưa có hồ sơ xác minh - không hiển thị dữ liệu suy đoán","","uterotonic_contraceptive_more"
"182","Morphin","Morphin","893111093823","Tiêm","Giảm đau - kháng viêm","Chưa có hồ sơ xác minh - không hiển thị dữ liệu suy đoán","","opioid_nefopam"
"183","Moxifloxacin IMP 400 mg/ 250mL","Moxifloxacin (dưới dạng Moxifloxacin hydroclorid)","893115027624","Tiêm truyền","Kháng sinh / kháng nấm / kháng virus","Đã có hồ sơ chuyên môn nội bộ (kháng sinh/kháng nấm/kháng virus)","Moxifloxacin IMP 400 mg/ 250mL","fluoroquinolone"
"184","Mycotrova 1000","Methocarbamol","VD-27941-17","Uống","Thuốc nội trú khác","Chưa có hồ sơ xác minh - không hiển thị dữ liệu suy đoán","","muscle_relaxant"
"185","Mydrin-P 10ml","Tropicamide + phenylephrine hydroclorid","VN-21339-18","Nhỏ mắt","Thuốc nội trú khác","Chưa có hồ sơ xác minh - không hiển thị dữ liệu suy đoán","","emergency_critical"
"186","Naphazolin","Naphazolin","VD-29627-18","Nhỏ mũi","Thuốc nội trú khác","Chưa có hồ sơ xác minh - không hiển thị dữ liệu suy đoán","","bambuterol_decongestant"
"187","Natri bicarbonat 1,4%","Natri hydrocarbonat (natri bicarbonat)","VD-25877-16","Tiêm truyền","Thuốc nội trú khác","Chưa có hồ sơ xác minh - không hiển thị dữ liệu suy đoán","","mannitol_bicarbonate_water_oxygen"
"188","Natri clorid 0,9% 100ml TTKN-25","Natri clorid","893110118423","Tiêm truyền","Dịch truyền - điện giải - dinh dưỡng","Chưa có hồ sơ xác minh - không hiển thị dữ liệu suy đoán","","electrolyte_fluid"
"189","Natri clorid 0,9% 500ml TTKN-25","Natri clorid","893110118423","Tiêm truyền","Dịch truyền - điện giải - dinh dưỡng","Chưa có hồ sơ xác minh - không hiển thị dữ liệu suy đoán","","electrolyte_fluid"
"190","Natri Clorid 0,9% EP","Natri clorid","VD-32723-19","Tiêm truyền tĩnh mạch","Dịch truyền - điện giải - dinh dưỡng","Chưa có hồ sơ xác minh - không hiển thị dữ liệu suy đoán","","electrolyte_fluid"
"191","Natriclorid 10%","Natri clorid","VD-23169-15","Tiêm truyền","Dịch truyền - điện giải - dinh dưỡng","Chưa có hồ sơ xác minh - không hiển thị dữ liệu suy đoán","","electrolyte_fluid"
"192","Natrixam 1.5mg/5mg TTKN-25","Indapamide 1,5mg + Amlodipine (dưới dạng Amlodipine besilate) 5mg","300110029823","Uống","Tim mạch","Chưa có hồ sơ xác minh - không hiển thị dữ liệu suy đoán","","antihypertensive_raas_ccb_beta"
"193","Navelbine DV-25","Vinorelbin","300110185525","Uống","Thuốc nội trú khác","Chưa có hồ sơ xác minh - không hiển thị dữ liệu suy đoán","","vinorelbine_more_oncology"
"194","Nefopam hydroclorid","Nefopam hydroclorid","893110447924","Tiêm","Giảm đau - kháng viêm","Chưa có hồ sơ xác minh - không hiển thị dữ liệu suy đoán","","opioid_nefopam"
"195","Neoamiyu Dv-25","Acid amin","","Tiêm truyền","Dịch truyền - điện giải - dinh dưỡng","Chưa có hồ sơ xác minh - không hiển thị dữ liệu suy đoán","","electrolyte_fluid"
"196","Nerusyn 1,5g TTKN-25","Ampicilin + sulbactam","893110387824","Tiêm","Thuốc nội trú khác","Đã có hồ sơ chuyên môn nội bộ (kháng sinh/kháng nấm/kháng virus)","Nerusyn 1,5g TTKN-25","ampicillin_sulbactam"
"197","Nexium Inj 40mg 1'S","Esomeprazol","VN-15719-12","Tiêm","Tiêu hóa","Chưa có hồ sơ xác minh - không hiển thị dữ liệu suy đoán","","ppi_gi"
"198","Nikoramyl 5","Nicorandil","VD-30393-18","Uống","Thuốc nội trú khác","Chưa có hồ sơ xác minh - không hiển thị dữ liệu suy đoán","","nicorandil_papaverine_octreotide"
"199","Nikoramyl 5 SYT-25","Nicorandil","VD-30393-18","Uống","Thuốc nội trú khác","Chưa có hồ sơ xác minh - không hiển thị dữ liệu suy đoán","","nicorandil_papaverine_octreotide"
"200","Nikoramyl 5 TTKN-25","Nicorandil","893110310400","Uống","Thuốc nội trú khác","Chưa có hồ sơ xác minh - không hiển thị dữ liệu suy đoán","","nicorandil_papaverine_octreotide"
"201","Nitralmyl 0,6","Glyceryl trinitrat (Nitroglycerin)","VD-34179-20","Đặt dưới lưỡi","Thuốc nội trú khác","Chưa có hồ sơ xác minh - không hiển thị dữ liệu suy đoán","","emergency_critical"
"202","Noradrenalin 1 mg/ml","Nor-epinephrin (Nor-adrenalin)","893110750024","Tiêm","Thuốc nội trú khác","Chưa có hồ sơ xác minh - không hiển thị dữ liệu suy đoán","","emergency_critical"
"203","NORMAGUT TTKN-25","Men Saccharomyces boulardii","QLSP-823-14","Uống","Thuốc nội trú khác","Chưa có hồ sơ xác minh - không hiển thị dữ liệu suy đoán","","herbal_probiotic_supplement"
"204","Novocain 3%","Procain hydroclorid","VD-26322-17","Tiêm","Thuốc nội trú khác","Chưa có hồ sơ xác minh - không hiển thị dữ liệu suy đoán","","emergency_critical"
"205","Novocain 3%","Procain hydroclorid","VD-23766-15","Tiêm","Thuốc nội trú khác","Chưa có hồ sơ xác minh - không hiển thị dữ liệu suy đoán","","emergency_critical"
"206","Nước cất tiêm","Nước cất pha tiêm","VD-18797-13","Tiêm","Thuốc nội trú khác","Chưa có hồ sơ xác minh - không hiển thị dữ liệu suy đoán","","mannitol_bicarbonate_water_oxygen"
"207","Nước cất tiệt trùng","Nước cất tiệt trùng","","Dùng ngoài","Thuốc nội trú khác","Chưa có hồ sơ xác minh - không hiển thị dữ liệu suy đoán","","mannitol_bicarbonate_water_oxygen"
"208","Nước Oxy già 3%","Nước oxy già","VS-4969-16","Dùng ngoài","Thuốc nội trú khác","Chưa có hồ sơ xác minh - không hiển thị dữ liệu suy đoán","","mannitol_bicarbonate_water_oxygen"
"209","Ocebiso SYT-25","Sulfamethoxazol + trimethoprim","893110214824","Uống","Kháng sinh / kháng nấm / kháng virus","Đã có hồ sơ chuyên môn nội bộ (kháng sinh/kháng nấm/kháng virus)","Biseptol 480","tmp_smx"
"210","Ocemethyl","Methylprednisolon","893110634824","Uống","Thuốc nội trú khác","Chưa có hồ sơ xác minh - không hiển thị dữ liệu suy đoán","","corticosteroid"
"211","Ocepred","Methylprednisolon","893110635124","Uống","Thuốc nội trú khác","Chưa có hồ sơ xác minh - không hiển thị dữ liệu suy đoán","","corticosteroid"
"212","Octreotide","Octreotid","VN-19094-15","Tiêm","Thuốc nội trú khác","Chưa có hồ sơ xác minh - không hiển thị dữ liệu suy đoán","","nicorandil_papaverine_octreotide"
"213","Oflovid mỡ 3.5g","Ofloxacin","","Thuốc mắt","Kháng sinh / kháng nấm / kháng virus","Đã có hồ sơ xác minh theo hoạt chất/SĐK","ofloxacin_eye_ointment","fluoroquinolone"
"214","Omnipaque 100ml","Iohexol","539110067223","Tiêm","Thuốc nội trú khác","Chưa có hồ sơ xác minh - không hiển thị dữ liệu suy đoán","","contrast_media"
"215","Omnipaque 50ml","Iohexol","539110067223","Tiêm","Thuốc nội trú khác","Chưa có hồ sơ xác minh - không hiển thị dữ liệu suy đoán","","contrast_media"
"216","Oresol new","Natri clorid + kali clorid + natri citrat + glucose khan","VD-23143-15","Uống","Dịch truyền - điện giải - dinh dưỡng","Chưa có hồ sơ xác minh - không hiển thị dữ liệu suy đoán","","electrolyte_fluid"
"217","Ostenil","Thiết bị y tế","15685NK/BYT-TB-CT","Tiêm","Thuốc nội trú khác","Chưa có hồ sơ xác minh - không hiển thị dữ liệu suy đoán","","device_misc"
"218","Ostenil Plus","Thiết bị y tế","14545NK/BYT-TB-CT","Tiêm","Thuốc nội trú khác","Chưa có hồ sơ xác minh - không hiển thị dữ liệu suy đoán","","device_misc"
"219","Otilin","Xylometazolin","893100057223","Nhỏ mũi","Thuốc nội trú khác","Chưa có hồ sơ xác minh - không hiển thị dữ liệu suy đoán","","bambuterol_decongestant"
"220","Ovitrelle","Choriogonadotropin alfa","QLSP-0784-14","Tiêm dưới da","Thuốc nội trú khác","Chưa có hồ sơ xác minh - không hiển thị dữ liệu suy đoán","","uterotonic_contraceptive_more"
"221","Oxaliplatin ""Ebewe""","Oxaliplatin","900114035623","Tiêm truyền","Thuốc nội trú khác","Chưa có hồ sơ xác minh - không hiển thị dữ liệu suy đoán","","oncology"
"222","Ôxy dược dụng","Oxy dược dụng","104006026","Bình khí lỏng hoặc nén","Thuốc nội trú khác","Chưa có hồ sơ xác minh - không hiển thị dữ liệu suy đoán","","mannitol_bicarbonate_water_oxygen"
"223","Ozanier 500mg","Levofloxacin (dưới dạng Levofloxacin hemihydrat 512mg)","893615262323","Uống","Kháng sinh / kháng nấm / kháng virus","Đã có hồ sơ chuyên môn nội bộ (kháng sinh/kháng nấm/kháng virus)","Bivelox I.V 5mg/ml","fluoroquinolone"
"224","Paclitaxel ""Ebewe"" DV-26","Paclitaxel","VN-20581-17","Tiêm truyền","Thuốc nội trú khác","Chưa có hồ sơ xác minh - không hiển thị dữ liệu suy đoán","","oncology"
"225","Pantostad 40","Pantoprazol","893110096624","Uống","Tiêu hóa","Chưa có hồ sơ xác minh - không hiển thị dữ liệu suy đoán","","ppi_gi"
"226","Paparin","Papaverin hydroclorid","VD-20485-14","Tiêm","Thuốc nội trú khác","Chưa có hồ sơ xác minh - không hiển thị dữ liệu suy đoán","","nicorandil_papaverine_octreotide"
"227","Para-OPC 150mg","Paracetamol (acetaminophen)","893100160924","Uống","Giảm đau - kháng viêm","Chưa có hồ sơ xác minh - không hiển thị dữ liệu suy đoán","","paracetamol"
"228","Paracetamol 10mg/ml","Paracetamol (acetaminophen)","VD-33956-19","Tiêm","Giảm đau - kháng viêm","Chưa có hồ sơ xác minh - không hiển thị dữ liệu suy đoán","","paracetamol"
"229","Partamol 500 Cap","Paracetamol (acetaminophen)","893100166923","Uống","Giảm đau - kháng viêm","Chưa có hồ sơ xác minh - không hiển thị dữ liệu suy đoán","","paracetamol"
"230","Pdsolone-40mg TTNK-25","Methyl prednisolon natri succinat tương đương Methylprednisolon 40mg (dưới dạng bột vô khuẩn Methylprednisolon natri succinat đệm 3% natri carbonat)","VN-21317-18","Tiêm","Thuốc nội trú khác","Chưa có hồ sơ xác minh - không hiển thị dữ liệu suy đoán","","corticosteroid"
"231","Pentaglobin","Immune globulin","QLSP-0803-14","Tiêm truyền tĩnh mạch","Thuốc nội trú khác","Chưa có hồ sơ xác minh - không hiển thị dữ liệu suy đoán","","immune_globulin"
"232","Penzima SYT-25","Fexofenadin hydroclorid","VD-34370-20","Uống","Thuốc nội trú khác","Chưa có hồ sơ xác minh - không hiển thị dữ liệu suy đoán","","antihistamine_allergy"
"233","Phenylalpha","Phenylephrin","VN-22162-19","Tiêm","Thuốc nội trú khác","Chưa có hồ sơ xác minh - không hiển thị dữ liệu suy đoán","","emergency_critical"
"234","Pilixitam-Piracetam","Piracetam","VN-22974-21","Tiêm","Thuốc nội trú khác","Chưa có hồ sơ xác minh - không hiển thị dữ liệu suy đoán","","antiepileptic_neuro"
"235","Pms-Rosuvastatin QG-25","Rosuvastatin (dưới dạng Rosuvastatin Calcium)","754110001100","Uống","Tim mạch","Đã có hồ sơ xác minh theo hoạt chất/SĐK","rosuvastatin","statin_antiplatelet_anticoagulant"
"236","Polhumin Mix-2 SYT-25","Insulin người trộn, hỗn hợp","QLSP-1112-18","Tiêm","Nội tiết - chuyển hóa","Chưa có hồ sơ xác minh - không hiển thị dữ liệu suy đoán","","insulin"
"237","Polygynax","Nystatin + neomycin + polymyxin B","VN-21788-19","Đặt âm đạo","Kháng sinh / kháng nấm / kháng virus","Đã có hồ sơ xác minh theo hoạt chất/SĐK","polygynax_vaginal","antifungal_azole_echinocandin"
"238","Pracetam 800 QG-24","Piracetam","893110697724","Uống","Thuốc nội trú khác","Chưa có hồ sơ xác minh - không hiển thị dữ liệu suy đoán","","antiepileptic_neuro"
"239","Procoralan 7.5mg - BVVT 24","Ivabradin","VN-21894-19","Uống","Thuốc nội trú khác","Chưa có hồ sơ xác minh - không hiển thị dữ liệu suy đoán","","cardiac_digoxin_ivabradine_nitrate"
"240","Procoralan 7.5mg BVVT-26","Ivabradin (dưới dạng ivabradin hydroclorid 8,085mg) 7,5mg","VN-21894-19","Uống","Thuốc nội trú khác","Chưa có hồ sơ xác minh - không hiển thị dữ liệu suy đoán","","cardiac_digoxin_ivabradine_nitrate"
"241","Reamberin 400ml","Meglumin natri succinat","VN-19527-15","Tiêm truyền","Thuốc nội trú khác","Chưa có hồ sơ xác minh - không hiển thị dữ liệu suy đoán","","device_misc"
"242","Rocuronium 50mg","Rocuronium bromid","VD-35273-21","Tiêm","Thuốc nội trú khác","Chưa có hồ sơ xác minh - không hiển thị dữ liệu suy đoán","","emergency_critical"
"243","Salbuvin","Salbutamol sulfat","893115282424","Uống","Hô hấp","Chưa có hồ sơ xác minh - không hiển thị dữ liệu suy đoán","","bronchodilator_inhaled"
"244","Seduxen 5mg","Diazepam","599112027923","Uống","Thuốc nội trú khác","Chưa có hồ sơ xác minh - không hiển thị dữ liệu suy đoán","","emergency_critical"
"245","Sevoflurane 250ml","Sevofluran","VN-18162-14","Đường hô hấp","Thuốc nội trú khác","Chưa có hồ sơ xác minh - không hiển thị dữ liệu suy đoán","","emergency_critical"
"246","Simethicone  Stella","Simethicon","VD-25986-16","Uống","Thuốc nội trú khác","Chưa có hồ sơ xác minh - không hiển thị dữ liệu suy đoán","","gi_antispasmodic_laxative"
"247","Smoflipid","Nhũ dịch lipid","123","Tiêm truyền","Thuốc nội trú khác","Chưa có hồ sơ xác minh - không hiển thị dữ liệu suy đoán","","electrolyte_fluid"
"248","Solezol","Esomeprazol","520110519424","Tiêm","Tiêu hóa","Chưa có hồ sơ xác minh - không hiển thị dữ liệu suy đoán","","ppi_gi"
"249","Sorbitol 3%","Sorbitol","VD-18005-12","Dùng ngoài","Thuốc nội trú khác","Chưa có hồ sơ xác minh - không hiển thị dữ liệu suy đoán","","gi_antispasmodic_laxative"
"250","Sorbitol 5g SYT-25","Sorbitol","893100426724","Uống","Thuốc nội trú khác","Chưa có hồ sơ xác minh - không hiển thị dữ liệu suy đoán","","gi_antispasmodic_laxative"
"251","Spulit","Itraconazol","VN-19599-16","Uống","Thuốc nội trú khác","Chưa có hồ sơ xác minh - không hiển thị dữ liệu suy đoán","","antifungal_azole_echinocandin"
"252","Stiprol","Glycerol","893100092424","Thụt hậu môn - trực tràng","Thuốc nội trú khác","Chưa có hồ sơ xác minh - không hiển thị dữ liệu suy đoán","","gi_antispasmodic_laxative"
"253","Sữa Enfamil A+Lactofrbe","","","Uống","Thuốc nội trú khác","Chưa có hồ sơ xác minh - không hiển thị dữ liệu suy đoán","","amino_acid_liver_nutrition"
"254","Sữa Enfamil A+Premature","","","Uống","Thuốc nội trú khác","Chưa có hồ sơ xác minh - không hiển thị dữ liệu suy đoán","","amino_acid_liver_nutrition"
"255","Suprane DV-26","Desflurane","VN-17261-13","Dạng hít","Thuốc nội trú khác","Chưa có hồ sơ xác minh - không hiển thị dữ liệu suy đoán","","emergency_critical"
"256","Takizd","Furosemid","VD-34815-20","Tiêm","Tim mạch","Chưa có hồ sơ xác minh - không hiển thị dữ liệu suy đoán","","diuretic_furosemide"
"257","Takizd TTKN-25","Furosemid","VD-34815-20","Tiêm","Tim mạch","Chưa có hồ sơ xác minh - không hiển thị dữ liệu suy đoán","","diuretic_furosemide"
"258","Tamisynt 500mg","Ciprofloxacin hydrochloride (tương đương ciprofloxacin 500mg) 583mg","893615262423","Uống","Kháng sinh / kháng nấm / kháng virus","Đã có hồ sơ chuyên môn nội bộ (kháng sinh/kháng nấm/kháng virus)","Tamisynt 500mg","fluoroquinolone"
"259","Tanganil 500mg TTKN-25","Acetyl leucin","VN-22534-20","Uống","Thuốc nội trú khác","Chưa có hồ sơ xác minh - không hiển thị dữ liệu suy đoán","","antiepileptic_neuro"
"260","Tazopelin 4,5g","Piperacilin + tazobactam","VD-20673-14","Tiêm truyền","Kháng sinh / kháng nấm / kháng virus","Đã có hồ sơ chuyên môn nội bộ (kháng sinh/kháng nấm/kháng virus)","Tazopelin 4,5g","piperacillin_tazobactam"
"261","Telmida 40","Telmisartan","840110117624","Uống","Thuốc nội trú khác","Chưa có hồ sơ xác minh - không hiển thị dữ liệu suy đoán","","antihypertensive_raas_ccb_beta"
"262","Tenamyd-Cefotaxime 1000","Cefotaxim","VD-19443-13","Tiêm","Kháng sinh / kháng nấm / kháng virus","Đã có hồ sơ chuyên môn nội bộ (kháng sinh/kháng nấm/kháng virus)","Tenamyd-Cefotaxime 1000","ceftriaxone_cefotaxime"
"263","Terpin - Codein HD","Codein + terpin hydrat","VD-32105-19","Uống","Thuốc nội trú khác","Chưa có hồ sơ xác minh - không hiển thị dữ liệu suy đoán","","opioid_nefopam"
"264","Terpin - Codein HD TTKN-25","Codein phosphat (dưới dạng Codein phosphat hemihydrat) + Terpin hydrat","893101855424","Uống","Thuốc nội trú khác","Chưa có hồ sơ xác minh - không hiển thị dữ liệu suy đoán","","opioid_nefopam"
"265","Theresol","Natri clorid + kali clorid + natri citrat + glucose khan","VD-20942-14","Uống","Dịch truyền - điện giải - dinh dưỡng","Chưa có hồ sơ xác minh - không hiển thị dữ liệu suy đoán","","electrolyte_fluid"
"266","Thyperopa forte","Methyldopa","VD-26833-17","Uống","Thuốc nội trú khác","Chưa có hồ sơ xác minh - không hiển thị dữ liệu suy đoán","","antihypertensive_raas_ccb_beta"
"267","TPDD Fomeal Basic Soup","18 acid amin","35/OGL/2020","Uống","Dịch truyền - điện giải - dinh dưỡng","Chưa có hồ sơ xác minh - không hiển thị dữ liệu suy đoán","","electrolyte_fluid"
"268","TPDD Fomeal Peptides","","","Uống","Thuốc nội trú khác","Chưa có hồ sơ xác minh - không hiển thị dữ liệu suy đoán","","amino_acid_liver_nutrition"
"269","TPDD Leisure preop","","","Uống","Thuốc nội trú khác","Chưa có hồ sơ xác minh - không hiển thị dữ liệu suy đoán","","amino_acid_liver_nutrition"
"270","TRIPLIXAM 5mg/1.25mg/5mg TTKN-25","Perindopril (dưới dạng Perindopril Arginine 5mg) 3,395mg+ Indapamide 1,25mg +Amlodipine (dưới dạng Amlodipine besylate) 5mg","VN3-11-17","Uống","Tim mạch","Chưa có hồ sơ xác minh - không hiển thị dữ liệu suy đoán","","antihypertensive_raas_ccb_beta"
"271","Unasyn","Ampicilin + sulbactam","VN-20843-17","Tiêm","Thuốc nội trú khác","Đã có hồ sơ chuyên môn nội bộ (kháng sinh/kháng nấm/kháng virus)","Nerusyn 1,5g TTKN-25","ampicillin_sulbactam"
"272","Đường Glucose","Thực phẩm bảo vệ sức khỏe","01/CTLL/2021","Uống","Dịch truyền - điện giải - dinh dưỡng","Chưa có hồ sơ xác minh - không hiển thị dữ liệu suy đoán","","electrolyte_fluid"
"273","Utrogestan 200mg","Progesteron","VN-19020-15","Đặt âm đạo","Thuốc nội trú khác","Chưa có hồ sơ xác minh - không hiển thị dữ liệu suy đoán","","women_health"
"274","Valsarfast 80mg film coated tablets","Valsartan","383110417023","Uống","Thuốc nội trú khác","Chưa có hồ sơ xác minh - không hiển thị dữ liệu suy đoán","","antihypertensive_raas_ccb_beta"
"275","Vaminolact","Acid amin + glucose + lipid ()","VN-19468-15","Tiêm truyền","Dịch truyền - điện giải - dinh dưỡng","Chưa có hồ sơ xác minh - không hiển thị dữ liệu suy đoán","","electrolyte_fluid"
"276","Vancomycin 1g","Vancomycin","893110375623","Tiêm","Kháng sinh / kháng nấm / kháng virus","Đã có hồ sơ chuyên môn nội bộ (kháng sinh/kháng nấm/kháng virus)","Vancomycin 1g","vancomycin"
"277","Vancomycin 500mg","Vancomycin","893115078524","Tiêm","Kháng sinh / kháng nấm / kháng virus","Đã có hồ sơ chuyên môn nội bộ (kháng sinh/kháng nấm/kháng virus)","Vancomycin 1g","vancomycin"
"278","Vastarel MR","Trimetazidin","VN-17735-14","Uống","Thuốc nội trú khác","Chưa có hồ sơ xác minh - không hiển thị dữ liệu suy đoán","","cardiac_digoxin_ivabradine_nitrate"
"279","Vecmid 500mg","Vancomycin hydrochloride","VN-22663-20","Tiêm","Kháng sinh / kháng nấm / kháng virus","Đã có hồ sơ chuyên môn nội bộ (kháng sinh/kháng nấm/kháng virus)","Vancomycin 1g","vancomycin"
"280","Veltaron TTKN-25","Diclofenac natri","893110208623","Đặt hậu môn","Giảm đau - kháng viêm","Chưa có hồ sơ xác minh - không hiển thị dữ liệu suy đoán","","nsaid"
"281","Ventolin Inhaler","Salbutamol sulfat","VN-18791-15","Xịt","Hô hấp","Chưa có hồ sơ xác minh - không hiển thị dữ liệu suy đoán","","bronchodilator_inhaled"
"282","Vigahom","Sắt gluconat + mangan gluconat + đồng gluconat","VD-28678-18","Uống","Thuốc nội trú khác","Chưa có hồ sơ xác minh - không hiển thị dữ liệu suy đoán","","iron_vitamins"
"283","Vin-enama DV-26","","893110232624","Thụt hậu môn - trực tràng","Thuốc nội trú khác","Chưa có hồ sơ xác minh - không hiển thị dữ liệu suy đoán","","device_misc"
"284","Vincain","Procain hydroclorid","893114470724","Uống","Thuốc nội trú khác","Chưa có hồ sơ xác minh - không hiển thị dữ liệu suy đoán","","emergency_critical"
"285","Vincerol","Acenocoumarol","VD-28148-17","Uống","Thuốc nội trú khác","Đã có hồ sơ xác minh theo hoạt chất/SĐK","acenocoumarol","statin_antiplatelet_anticoagulant"
"286","Vinceryl 5mg/5ml","Nitroglycerin","893110030324","Tiêm","Thuốc nội trú khác","Chưa có hồ sơ xác minh - không hiển thị dữ liệu suy đoán","","emergency_critical"
"287","VINCOMID TTKN-25","Metoclopamid HCl","VD-21919-14","Tiêm","Thuốc nội trú khác","Chưa có hồ sơ xác minh - không hiển thị dữ liệu suy đoán","","antiemetic"
"288","Vinphatoxin DV-26","Oxytocin","893114039523","Tiêm","Thuốc nội trú khác","Chưa có hồ sơ xác minh - không hiển thị dữ liệu suy đoán","","emergency_critical"
"289","Vinphyton","Phytomenadion (vitamin K1)","893110712324","Tiêm","Thuốc nội trú khác","Chưa có hồ sơ xác minh - không hiển thị dữ liệu suy đoán","","iron_vitamins"
"290","Vinsalmol","Salbutamol","VD-26324-17","Tiêm","Hô hấp","Chưa có hồ sơ xác minh - không hiển thị dữ liệu suy đoán","","bronchodilator_inhaled"
"291","Vitamin A-D","Vitamin A + D2 (Vitamin A + D3)","VD-19550-13","Uống","Thuốc nội trú khác","Chưa có hồ sơ xác minh - không hiển thị dữ liệu suy đoán","","iron_vitamins"
"292","Vitamin A-D","Vitamin A + D2 (Vitamin A + D3)","893100341124","Uống","Thuốc nội trú khác","Chưa có hồ sơ xác minh - không hiển thị dữ liệu suy đoán","","iron_vitamins"
"293","Vitamin A-D TTKN-25","Vitamin A+ Vitamin D3","893100341124","Uống","Thuốc nội trú khác","Chưa có hồ sơ xác minh - không hiển thị dữ liệu suy đoán","","iron_vitamins"
"294","Vitamin B1","Vitamin B1","VD-27248-17","Tiêm","Thuốc nội trú khác","Chưa có hồ sơ xác minh - không hiển thị dữ liệu suy đoán","","iron_vitamins"
"295","Vitamin B1-B6-B12","Vitamin B1 + B6 + B12","VD-18447-13","Uống","Thuốc nội trú khác","Chưa có hồ sơ xác minh - không hiển thị dữ liệu suy đoán","","iron_vitamins"
"296","Vitamin E 400IU","Vitamin E","VD-18448-13","Uống","Thuốc nội trú khác","Chưa có hồ sơ xác minh - không hiển thị dữ liệu suy đoán","","iron_vitamins"
"297","Vitaplex 500ml","Acid ascorbic;Dexpanthenol;Dextrose;Nicotinamid;Pyridoxin HCl;Riboflavin;Thiamin HCl","VN-21344-18","Truyền tĩnh mạch","Thuốc nội trú khác","Chưa có hồ sơ xác minh - không hiển thị dữ liệu suy đoán","","electrolyte_fluid"
"298","Vitol SYT-25","Natri hyaluronat","893110454524","Nhỏ mắt","Thuốc nội trú khác","Chưa có hồ sơ xác minh - không hiển thị dữ liệu suy đoán","","eye_ent_derm_local"
"299","Volulyte 6%","Tinh bột este hóa (hydroxyethyl starch)","VN-19956-16","Tiêm truyền","Thuốc nội trú khác","Chưa có hồ sơ xác minh - không hiển thị dữ liệu suy đoán","","electrolyte_fluid"
"300","Vorifend 500","Glucosamin","VD-32594-19","Uống","Thuốc nội trú khác","Chưa có hồ sơ xác minh - không hiển thị dữ liệu suy đoán","","herbal_probiotic_supplement"
"301","Wosulin 30/70 TTKN-25","Insulin human (recombinant) (30% soluble insulin neutral và 70% isophane insulin)","890410177200","Tiêm","Nội tiết - chuyển hóa","Chưa có hồ sơ xác minh - không hiển thị dữ liệu suy đoán","","insulin"
"302","Wosulin-R TTYTHD-26","Insulin người tác dụng nhanh, ngắn","890410092323","Tiêm","Nội tiết - chuyển hóa","Chưa có hồ sơ xác minh - không hiển thị dữ liệu suy đoán","","insulin"
"303","Xenetix 300 50ml","Iobitridol","VN-16786-13","Tiêm","Thuốc nội trú khác","Chưa có hồ sơ xác minh - không hiển thị dữ liệu suy đoán","","contrast_media"
"304","Zensalbu nebules 2.5","Salbutamol sulfat","VD-21553-14","Khí dung","Hô hấp","Chưa có hồ sơ xác minh - không hiển thị dữ liệu suy đoán","","bronchodilator_inhaled"
"305","Zensonid TTKN-25","Budesonid","893110281923","Dạng hít","Hô hấp","Chưa có hồ sơ xác minh - không hiển thị dữ liệu suy đoán","","bronchodilator_inhaled"
"306","Zentanil TTKN-25","Acetyl leucin","893110204824","Tiêm","Thuốc nội trú khác","Chưa có hồ sơ xác minh - không hiển thị dữ liệu suy đoán","","antiepileptic_neuro"
"307","Zoledro-BFS","Zoledronic acid","893110334924","Tiêm truyền","Thuốc nội trú khác","Chưa có hồ sơ xác minh - không hiển thị dữ liệu suy đoán","","bisphosphonate_zoledronic"
"308","Zoledronic Acid  DV-26","Zoledronic acid","VN-22321-19","Tiêm truyền","Thuốc nội trú khác","Chưa có hồ sơ xác minh - không hiển thị dữ liệu suy đoán","","bisphosphonate_zoledronic"
"309","Zolifast 1000","Cefazolin","893110071224","Tiêm","Kháng sinh / kháng nấm / kháng virus","Đã có hồ sơ xác minh theo hoạt chất/SĐK","cefazolin","cefazolin"